"A","1","250","a","2024-06-17T15:59","250"
"A","1","250","a","2024-06-17T14:13","250"
"A","1","250","b","2024-06-17T13:15","250"
"A","1","250","gg","2024-06-17T12:20","250"
"A","1","250","c","2024-06-17T12:21","250"
"A","1","250","ashish","2024-06-17T17:22","250"
"A","1","250","d","2024-06-17T13:37","250"
"C","2","150","gg","2024-06-18T15:27","150"
"A","1","250","gg","2024-06-18T21:29","250"
"D","1","250","gg","2024-06-18T22:23","250"
"D","4","250","b","2024-06-19T13:25","250"
"C","2","250","l","2024-06-19T13:27","250"
"A","1","250","ashish","2024-06-19T14:57","250"
"A","1","250","ashish","2024-06-19T14:57","250"
